{
  "hash": "12ef91d0",
  "configHash": "7a45e322",
  "lockfileHash": "a1114a61",
  "browserHash": "008bcf36",
  "optimized": {
    "@angular/common": {
      "src": "../../../../../node_modules/@angular/common/fesm2022/common.mjs",
      "file": "@angular_common.js",
      "fileHash": "05d18ca2",
      "needsInterop": false
    },
    "@angular/common/http": {
      "src": "../../../../../node_modules/@angular/common/fesm2022/http.mjs",
      "file": "@angular_common_http.js",
      "fileHash": "02d5eb67",
      "needsInterop": false
    },
    "@angular/core": {
      "src": "../../../../../node_modules/@angular/core/fesm2022/core.mjs",
      "file": "@angular_core.js",
      "fileHash": "dc528e9e",
      "needsInterop": false
    },
    "@angular/platform-browser": {
      "src": "../../../../../node_modules/@angular/platform-browser/fesm2022/platform-browser.mjs",
      "file": "@angular_platform-browser.js",
      "fileHash": "cc0242be",
      "needsInterop": false
    },
    "@angular/router": {
      "src": "../../../../../node_modules/@angular/router/fesm2022/router.mjs",
      "file": "@angular_router.js",
      "fileHash": "36a94f03",
      "needsInterop": false
    },
    "@angular/forms": {
      "src": "../../../../../node_modules/@angular/forms/fesm2022/forms.mjs",
      "file": "@angular_forms.js",
      "fileHash": "b662f21a",
      "needsInterop": false
    }
  },
  "chunks": {
    "chunk-VZAMPRR3": {
      "file": "chunk-VZAMPRR3.js"
    },
    "chunk-PDRTZV4O": {
      "file": "chunk-PDRTZV4O.js"
    },
    "chunk-B5HUQXFL": {
      "file": "chunk-B5HUQXFL.js"
    },
    "chunk-SRYCPNOB": {
      "file": "chunk-SRYCPNOB.js"
    }
  }
}